Designator,Mid X,Mid Y,Layer,Rotation
C2,148.300mm,-135.300mm,Top,0
C3,152.300mm,-136.300mm,Top,0
C4,141.200mm,-122.600mm,Top,90
C5,141.200mm,-118.900mm,Top,90
C6,161.000mm,-130.400mm,Top,90
D1,148.000mm,-138.800mm,Top,0
D2,149.000mm,-152.000mm,Top,0
D3,159.000mm,-152.000mm,Top,0
Q1,148.000mm,-142.600mm,Top,0
R1,141.200mm,-113.200mm,Top,90
R2,141.200mm,-109.400mm,Top,90
R3,163.800mm,-115.800mm,Top,90
R4,163.800mm,-119.400mm,Top,90
R5,163.800mm,-123.000mm,Top,90
R6,151.800mm,-145.800mm,Top,0
R7,147.600mm,-145.800mm,Top,0
R8,145.000mm,-152.000mm,Top,0
R9,155.000mm,-152.000mm,Top,0
SW1,156.600mm,-141.600mm,Top,0
SW2,138.000mm,-152.000mm,Top,0
U1,155.200mm,-130.400mm,Top,0
