Comment,Designator,Footprint,LCSC Part #
22uF 10V,"C2,C4",C_0805_2012Metric,C45783
10uF 10V X5R,C9,C_0603_1608Metric,C19702
100nF,"C3,C5,C6,C7,C8",C_0603_1608Metric,C14663
1N4148W,D1,D_SOD-123,C81598
LED relay (red),D2,LED_0603_1608Metric,C2286
LED WiFi (blue),D3,LED_0603_1608Metric,C51933294
SS8050,Q1,SOT-23,C2150
10k,"R1,R2,R3,R4,R5,R7",R_0603_1608Metric,C25804
1k,"R6,R8",R_0603_1608Metric,C21190
220,R9,R_0603_1608Metric,C22962
TS-1187A,"SW1,SW2",SW_Push_1P1T_XKB_TS-1187A,C318884
AMS1117-3.3,U1,SOT-223-3_TabPin2,C6186
470uF 10V,C1,CP_Radial_D6.3mm_P2.50mm,C112505
T500mA 250V (Reomax MTS0500A; time-lag),F1,Fuse_Littelfuse_395Series,C2762401
"G5RL-1A-E-HR DC5 (Omron, 16 A, SPST-NO)",K1,Relay_SPST_Omron_G2RL-1A-E,C113250
HLK-PM01,PS1,Converter_ACDC_Hi-Link_HLK-PMxx,C209903
07D221K,RV1,RV_Disc_D7mm_W3.4mm_P5mm,C49072913
ESP-12F,U2,ESP-12E,C82891
N / L_OUT / L_IN (terminal block 3P 5.08 mm),J1,"TerminalBlock_Phoenix_MKDS-1,5-3-5.08_1x03_P5.08mm_Horizontal",C72334
PROG (header 2x3 2.54 mm),J3,PinHeader_2x03_P2.54mm_Vertical,C65114
